Ann Sthen,Age 23,Level 2,Female,UK,5,2,1,9,1
George Beth Shon,Age 31,Level 2,Male,UK,2,6,5,5,4
Kaith Andy Clos,Age 29,Level 1,Female,UK,4,7,2,2,7
Rinon Grov,Age 25,Level 2,Male,US,1,1,5,7,6
Mark Do Leno,Age 22,Level 1,Male,UK,5,7,4,2,7
Harry Patrick,Age 32,Level 2,Male,UK,2,6,5,8,3
Vicy Mathew,Age 33,Level 2,Male,UK,6,2,9,5,5
Monica Loy,Age 29,Level 1,Female,US,4,4,8,2,8
Susan Mathew,Age 28,Level 2,Female,US,5,6,5,3,7
Andy Stov,Age 22,Level 3,Female,US,6,2,9,6,2
Mary Francis,Age 27,Level 2,Male,UK,7,9,6,6,5
Jomon Vicy,Age 22,Level 3,Male,UK,6,9,10,9,6
Catherin George,Age 20,Level 3,Male,UAE,1,4,4,2,9
Aby Mathew,Age 34,Level 1,Male,UK,2,3,6,5,7
Jojo Mony,Age 31,Level 1,Male,UK,2,3,6,7,8
Methen George,Age 30,Level 2,Male,UK,4,7,7,8,10
Scarlett John,Age 25,Level 1,Female,UK,3,4,6,5,1
Patrick Shanon,Age 22,Level 3,Male,US,4,9,9,10,4
Rod Stod,Age 26,Level 2,Male,UK,5,9,2,4,4
Lijo Willams,Age 28,Level 3,Male,UK,6,2,5,8,6
